<?xml version="1.0" encoding="UTF-8"?>
<cache-entry>
	<generated-type-hash class="com.google.gwt.user.client.rpc.IncompatibleRemoteServiceException_FieldSerializer" hash="FF198044879E67E1ACF2E0C29CC58CB5"/>
	<generated-type-hash class="com.google.gwt.user.client.ui.MultiWordSuggestOracle_MultiWordSuggestion_FieldSerializer" hash="1721A875793F79F044BA9AEC6543C8A2"/>
	<generated-type-hash class="com.luedders.client.lotService_Proxy" hash="AA37E657ECF99BBF0639426797EDC89F"/>
	<generated-type-hash class="com.google.gwt.user.client.rpc.SerializableException_FieldSerializer" hash="1CB9B63ABEC9BE7E663F6C56AA395208"/>
	<generated-type-hash class="com.luedders.client.lotService_TypeSerializer" hash="EF0BA5B0C294B72041C05FFB03A61503"/>
	<generated-type-hash class="com.google.gwt.user.client.ui.SuggestOracle_Request_FieldSerializer" hash="93219A0D78603408F1E24CE444809ADE"/>
	<generated-type-hash class="com.google.gwt.user.client.ui.SuggestOracle_Response_FieldSerializer" hash="1C6D42E0AC1FE9CDD63B791E11BD9615"/>
	<rebind-decision in="com.google.gwt.user.client.ui.impl.TextBoxImpl" out="com.google.gwt.user.client.ui.impl.TextBoxImpl"/>
	<rebind-decision in="com.google.gwt.user.client.impl.HTTPRequestImpl" out="com.google.gwt.user.client.impl.HTTPRequestImpl"/>
	<rebind-decision in="com.google.gwt.user.client.impl.DOMImpl" out="com.google.gwt.user.client.impl.DOMImplOpera"/>
	<rebind-decision in="com.google.gwt.user.client.impl.HistoryImpl" out="com.google.gwt.user.client.impl.HistoryImplStandard"/>
	<rebind-decision in="com.luedders.client.thesisApp" out="com.luedders.client.thesisApp"/>
	<rebind-decision in="com.luedders.client.lotService" out="com.luedders.client.lotService_Proxy"/>
	<rebind-decision in="com.google.gwt.user.client.ui.ListBox.Impl" out="com.google.gwt.user.client.ui.ListBox.Impl"/>
	<rebind-decision in="com.google.gwt.user.client.ui.impl.FormPanelImpl" out="com.google.gwt.user.client.ui.impl.FormPanelImpl"/>
	<rebind-decision in="com.google.gwt.user.client.ui.impl.ClippedImageImpl" out="com.google.gwt.user.client.ui.impl.ClippedImageImpl"/>
	<rebind-decision in="com.google.gwt.user.client.ui.impl.FocusImpl" out="com.google.gwt.user.client.ui.impl.FocusImplOld"/>
	<rebind-decision in="com.google.gwt.user.client.ui.impl.PopupImpl" out="com.google.gwt.user.client.ui.impl.PopupImpl"/>
</cache-entry>